description,f1,precision,recall
logistic regression with tfidf and spacy tokenization,0.7620111731843576,0.8061465721040191,0.7224576271186439
Bi-LSTM,0.8080357142857143,0.8537735849056604,0.7669491525423728
roberta-base,0.9087221095334684,0.8715953307392996,0.9491525423728814
albert-base-v2,0.8921465968586386,0.8819875776397516,0.902542372881356
