description,f1,precision,recall
logistic regression with tfidf and spacy tokenization,0.7620111731843576,0.8061465721040191,0.7224576271186439
Bi-LSTM,0.8080357142857143,0.8537735849056604,0.7669491525423728
